Categoria,Item,Quantidade por boné,Comprar (com reserva),Para que serve,Como procurar na loja,O que conferir,Preço unitário (R$),Onde compramos
Eletrônica,Placa ESP32-C3 Super Mini (entrada USB-C),1,2,O cérebro do boné: lê os sensores e comanda motores e bipe.,ESP32-C3 Super Mini USB-C,Placa de 22 x 18 mm com entrada USB-C. A segunda unidade é reserva.,,
Eletrônica,Sensor de distância a laser VL53L0X (módulo GY-530),2,3,"Mede a distância até o obstáculo, um de cada lado da aba.",VL53L0X GY-530 sensor laser,Módulo de cerca de 25 x 11 mm com 6 pinos. Os suportes da aba foram desenhados para ele.,,
Eletrônica,Motor de vibração tipo moeda 10 mm (3 V),2,4,"Faz a vibração perto da nuca, um de cada lado.",motor vibracall 1027 10mm 3V,"Formato de moeda, 10 mm de diâmetro e 2,7 mm de altura, com fios.",,
Eletrônica,Buzzer ativo 5 V (12 mm),1,2,Toca o bipe de perigo e o bipe de erro.,buzzer ativo 5V 12mm,Tem que ser ATIVO (toca sozinho quando recebe energia).,,
Eletrônica,"Bateria 14500 de lítio 3,7 V, cerca de 800 mAh, com proteção e terminais para solda",1,1,Guarda a energia do boné.,bateria 14500 3.7V 800mAh com terminal de solda,"Tamanho de uma pilha AA. Precisa vir com placa de proteção (nos anúncios aparece como PCM ou ""protegida"") e com as lâminas de solda já presas. Desconfie de anúncios de 14500 com 2000 mAh ou mais: não existe.",,
Eletrônica,Módulo carregador TP4056 com entrada USB-C e proteção,1,2,Carrega a bateria pelo cabo USB-C e protege contra descarga total.,módulo TP4056 tipo C com proteção,"Placa de cerca de 29 x 17 mm, entrada USB-C, com os pontos OUT+ e OUT- (é a versão com proteção).",,
Eletrônica,"Chave gangorra mini KCD11 (2 terminais, liga/desliga)",1,2,Liga e desliga o boné.,chave gangorra KCD11 15x10mm 2 terminais,"Frente de 15 x 10 mm. O case tem um recorte de 13,5 x 9 mm para ela.",,
Eletrônica,Fusível rearmável 500 mA (PTC),1,3,"Corta a corrente se o cabo da bateria entrar em curto, e volta a funcionar sozinho.","fusível rearmável PTC 0,5A radial","Modelo de terminais (radial), corrente de 0,5 A.",,
Eletrônica,Placa ilhada (perfurada) 5 x 7 cm,1,2,"Base onde soldamos a placa, os transistores e os conectores. Vai cortada em 5 x 4 cm.",placa ilhada 5x7 dupla face,"Furos com espaçamento de 2,54 mm.",,
Eletrônica,"Barra de pinos fêmea 1 x 8 (2,54 mm)",2,4,"Encaixe da placa ESP32-C3, que fica removível.",barra de pinos fêmea 1x8 2.54mm,"Também serve barra fêmea maior, cortada em pedaços de 8.",,
Componentes pequenos da placa,Transistor 2N2222,3,5,"Liga os motores e o bipe, que precisam de mais corrente do que a placa fornece.",transistor 2N2222,Encapsulamento de plástico preto com 3 pernas.,,
Componentes pequenos da placa,Diodo 1N4148,2,5,Protege o circuito do pico de tensão quando um motor desliga.,diodo 1N4148,Corpo de vidro laranja com uma faixa preta.,,
Componentes pequenos da placa,Resistor 1 kΩ (1/4 W),3,10,Limita a corrente que a placa manda para cada transistor.,resistor 1k 1/4W,"Faixas marrom, preto, vermelho.",,
Componentes pequenos da placa,Resistor 10 kΩ (1/4 W),4,10,Reserva para ajustes na placa.,resistor 10k 1/4W,"Faixas marrom, preto, laranja.",,
Componentes pequenos da placa,Resistor 100 kΩ (1/4 W),2,5,Vai ser usado para a placa medir a carga da bateria (próximo passo do programa).,resistor 100k 1/4W,"Faixas marrom, preto, amarelo.",,
Componentes pequenos da placa,Resistor de montagem em superfície 3 kΩ (tamanho 0603),1,5,"Troca o resistor do carregador para ele carregar a 400 mA, a corrente certa para a bateria 14500.",resistor SMD 3K 0603,"Nas lojas aparece como SMD. O tamanho 0603 mede 1,6 x 0,8 mm. Confira no módulo TP4056 se o resistor marcado como R3 (ou 'Rprog') tem esse tamanho.",,
Componentes pequenos da placa,Capacitor eletrolítico 470 µF 16 V,2,4,Segura a tensão estável quando os motores ligam (evita a placa reiniciar).,capacitor eletrolítico 470uF 16V,Tem lado certo: a faixa marca o negativo.,,
Componentes pequenos da placa,Capacitor cerâmico 100 nF,5,10,Filtra ruído junto aos sensores e motores.,capacitor cerâmico 100nF 104,Marcado com o número 104.,,
Componentes pequenos da placa,Capacitor 10 µF (cerâmico ou tântalo),2,4,Ajuda a alimentação dos sensores.,capacitor 10uF,"Se for eletrolítico, respeite o lado negativo.",,
"Fios, conectores e acabamento dos cabos",Fio de silicone 26 AWG vermelho,"2,2 m",3 m,"Positivo dos sensores, dos motores e da bateria.",fio de silicone 26 AWG vermelho,"AWG é a bitola do fio: quanto maior o número, mais fino. O fio de silicone é bem flexível, ideal para o boné.",,
"Fios, conectores e acabamento dos cabos",Fio de silicone 26 AWG preto,"2,2 m",3 m,"Negativo (terra) dos sensores, dos motores e da bateria.",fio de silicone 26 AWG preto,Mesma bitola do vermelho.,,
"Fios, conectores e acabamento dos cabos",Fio de silicone 26 AWG amarelo,"1,1 m",2 m,Fio de dados (SDA) dos dois sensores.,fio de silicone 26 AWG amarelo,,,
"Fios, conectores e acabamento dos cabos",Fio de silicone 26 AWG verde,"1,1 m",2 m,Fio de relógio (SCL) dos dois sensores.,fio de silicone 26 AWG verde,,,
"Fios, conectores e acabamento dos cabos",Fio de silicone 26 AWG azul (ou branco),"1,1 m",2 m,"Fio que liga e desliga cada sensor (XSHUT), para a placa dar um endereço a cada um.",fio de silicone 26 AWG azul,,,
"Fios, conectores e acabamento dos cabos",Fio rígido fino para ligações na placa (pode ser sobra de cabo de rede),1 m,1 m,Pontes de ligação entre os furos da placa ilhada.,fio rígido 24 AWG ou cabo de rede,,,
"Fios, conectores e acabamento dos cabos","Par de conectores JST-XH 5 vias, macho e fêmea, com fios já crimpados",2 pares,3 pares,"Conecta cada sensor à placa sem solda, para desmontar o boné e lavar.",conector JST XH 2.54 5 vias com cabo macho e fêmea,Comprando com os fios já presos não é preciso alicate de crimpar.,,
"Fios, conectores e acabamento dos cabos","Par de conectores JST-XH 2 vias, macho e fêmea, com fios já crimpados",3 pares,5 pares,Conecta os dois motores e a bateria.,conector JST XH 2.54 2 vias com cabo macho e fêmea,,,
"Fios, conectores e acabamento dos cabos","Kit de tubo termo-retrátil (1,5 a 6 mm)",1 kit,1 kit,Isola as emendas e soldas. Encolhe com calor.,kit tubo termo retrátil sortido,,,
"Fios, conectores e acabamento dos cabos","Abraçadeira de nylon fina (2,5 x 100 mm)",10,20,"Trava os cabos dentro dos cases, para um puxão não chegar na solda.","abraçadeira nylon 2,5 x 100mm",,,
Parafusos e porcas,"Parafuso M2 x 20 mm, cabeça panela",4,6,Fecha a tampa do case da eletrônica e prende a placa junto.,parafuso M2 x 20 cabeça panela Phillips,M2 é o diâmetro (2 mm) e 20 é o comprimento em milímetros. Cabeça panela é a cabeça arredondada.,,
Parafusos e porcas,"Parafuso M2 x 12 mm, cabeça panela",4,6,Fecha a tampa do case da bateria.,parafuso M2 x 12 cabeça panela,,,
Parafusos e porcas,"Parafuso M2 x 8 mm, cabeça panela",4,6,Prende os suportes dos sensores na aba.,parafuso M2 x 8 cabeça panela,,,
Parafusos e porcas,"Parafuso M2 x 6 mm, cabeça panela",4,6,Fecha as tampinhas dos suportes dos sensores.,parafuso M2 x 6 cabeça panela,,,
Parafusos e porcas,"Parafuso M2 x 8 mm, cabeça chata",8,12,Prende as placas internas através do tecido do boné.,parafuso M2 x 8 cabeça chata escareada,"Cabeça chata (escareada) fica rente à peça, sem saltar.",,
Parafusos e porcas,"Parafuso M2 x 6 mm, cabeça chata",4,6,Prende o case da eletrônica na base curva.,parafuso M2 x 6 cabeça chata escareada,,,
Parafusos e porcas,Porca M2,4,8,"Fica presa na plaquinha embaixo da aba, segurando os suportes dos sensores.",porca M2 sextavada,,,
"Boné, conforto e costura",Boné de aba curva com regulagem atrás,1,1,A base do produto.,boné aba curva regulagem strapback,"Aba curva, copa estruturada e regulagem atrás. Evite modelos com tela (trucker), porque o tecido precisa segurar os parafusos.",,
"Boné, conforto e costura",Folha de EVA 1 mm (tamanho A4),1,1,Forra a bateria dentro do case e faz o calço atrás de cada sensor.,folha EVA 1mm,Preferência pela cor preta.,,
"Boné, conforto e costura",Folha de EVA 2 mm (tamanho A4),1,1,"Anel em volta de cada motor, para espalhar a pressão.",folha EVA 2mm,,,
"Boné, conforto e costura",Folha de EVA 3 mm (tamanho A4),1,1,"Almofada das placas internas, do lado da cabeça.",folha EVA 3mm,,,
"Boné, conforto e costura","Fita de gorgurão ou viés 25 mm, da cor do boné","0,5 m",1 m,"Vira a canaleta costurada por fora do boné, por onde passam os fios.",fita gorgurão 25mm,A canaleta tem cerca de 40 cm de comprimento.,,
"Boné, conforto e costura","Retalho de tecido macio (algodão ou dry fit), 20 x 20 cm",1,1,"Bolsinhos dos motores, costurados na faixa interna do boné.",retalho tecido dry fit,,,
"Boné, conforto e costura",Linha de costura resistente (poliéster) e agulha,1,1,"Costurar a canaleta, os bolsinhos e os berços dos motores.",linha poliéster costura resistente,Cor parecida com a do boné.,,
Colas e fitas,Cola para tecido,1,1,Passar em volta dos furos do boné para o tecido não desfiar.,cola para tecido,,,
Colas e fitas,Cola de contato,1,1,Colar as almofadas de EVA nas placas internas.,cola de contato,,,
Colas e fitas,Bastões de cola quente finos,3,5,Travar o carregador no case e prender fios.,refil cola quente fina,Precisa da pistola de cola quente.,,
Colas e fitas,Fita dupla face de espuma fina,1 rolo,1 rolo,"Entre a base de cada suporte de sensor e a aba, para acompanhar a curva.",fita dupla face espuma 1mm,,,
Ferramentas,Ferro de solda e estanho,1,1,Soldar os componentes na placa e as emendas dos fios.,"ferro de solda 40W e estanho 0,8mm",Só se a equipe ainda não tiver.,,
Ferramentas,Alicate de corte e alicate desencapador,1,1,Cortar e descascar os fios.,alicate desencapador de fio,,,
Ferramentas,Chave Phillips de precisão (tamanho 0 ou 1),1,1,Apertar os parafusos M2.,chave phillips precisão PH0,,,
Ferramentas,Multímetro,1,1,Conferir ligações e a tensão da bateria antes de ligar.,multímetro digital,,,
Ferramentas,Paquímetro,1,1,Medir os componentes antes da impressão final.,paquímetro,,,
Ferramentas,"Vazador de 2,5 mm (ou broca de 2,5 mm)",1,1,Furar o tecido e a aba do boné para os parafusos.,"vazador 2,5mm couro",,,
Peças impressas em 3D,"Kit de peças impressas (cases, suportes dos sensores, berços dos motores)",1 kit,1 kit,Estrutura que prende tudo no boné.,Pedido pronto em modelagem-3d/pedido-de-impressao,Os berços dos motores são em TPU (plástico flexível); o resto em PETG.,,
