Categoria,Item,Qtd,Função,Preço unit. (R$),Fornecedor,Observações
Processamento,ESP32-C3 Super Mini (USB-C),1,Microcontrolador principal,,,"Wi-Fi/BLE, RISC-V 32 bits"
Sensores,VL53L0X (breakout),2,Medição de distância por tempo de voo (laser IR),,,"I²C; endereços 0x30/0x29 via XSHUT"
Atuadores,Micro motor vibracall 1-3 V,2,Feedback tátil direcional (esq/dir),,,
Atuadores,Buzzer ativo 5 V,1,Alerta sonoro de proximidade crítica,,,
Energia,Bateria Li-Po 3.7 V 300 mAh (702025),1,Alimentação portátil,,,"Célula pouch — nunca comprimir ou perfurar"
Energia,Módulo TP4056 com proteção,1,Carga da bateria,,,"R_PROG trocado para 4.7 kΩ (~250 mA) na V1.5"
Energia,Chave gangorra ON/OFF,1,Liga/desliga geral,,,
Semicondutores,Transistor 2N2222,3,Chaveamento dos motores e buzzer,,,"V2: substituir por MOSFET lógico"
Semicondutores,Diodo 1N4148 ou 1N4007,2,Flyback dos motores,,,
Resistores,Resistor 1 kΩ,3,Base dos transistores,,,
Resistores,Resistor 10 kΩ,4,Reserva / uso geral,,,
Resistores,Resistor 100 kΩ,2,Divisor para leitura de bateria (previsto V1.5/V2),,,
Capacitores (V1.5),Eletrolítico 470 µF 10-16 V,2,Estabilizar o trilho dos motores,,,"Não existia na V1 — causa de resets"
Capacitores (V1.5),Cerâmico 100 nF,5,Desacoplamento junto a sensores e motores,,,
Capacitores (V1.5),Cerâmico/tântalo 10 µF,2,Apoio aos pods dos sensores,,,
Montagem V1,Protoboard tradicional,1,Prototipagem inicial (aposentada na V1.5),,,
Montagem V1.5,Placa ilhada 5x7 cm,1,Base soldada definitiva da V1.5,,,
Montagem V1.5,Kit conector JST-XH (2/4/5 vias),1,Conexão removível de sensores/motores/bateria,,,
Montagem V1.5,Barra de pinos fêmea,2,Soquete do ESP32-C3 (módulo removível),,,
Estrutura,Viseira (ou boné de aba),1,Base física do produto,,,
Estrutura,"Fios finos, termo-retrátil, espuma EVA, velcro",1,Chicote e acabamento,,,
